Person A,Person B,Relationship,Age_A,Age_B,Gender_A,Gender_B,Family_Group
Mary,John,Sibling,35,34,Female,Female,F54
Alice,Mary,,25,57,Female,Male,F48
Emma,John,Parent,37,16,Male,Female,F24
Sophia,John,,32,65,Male,Female,F51
Noah,Emma,Child,38,25,Female,Female,F49
John,Alice,Grandparent,54,13,Female,Female,F74
James,Mary,Parent,41,27,Male,Male,F29
James,Sophia,Sibling,22,66,Female,Male,F3
Liam,Noah,Parent,47,9,Male,Male,F3
Sophia,James,,32,65,Female,Female,F72
Mary,John,Child,32,27,Female,Female,F83
Bob,Mary,Grandparent,70,23,Female,Male,F79
Alice,James,Sibling,33,62,Female,Female,F81
Sarah,Mary,,60,30,Male,Female,F30
Noah,Bob,Child,38,29,Male,Female,F12
Noah,Bob,Sibling,69,69,Female,Female,F60
John,Bob,Parent,38,2,Female,Male,F26
Bob,Sophia,Sibling,33,61,Female,Male,F34
Liam,Emma,Grandparent,54,15,Female,Female,F90
Noah,Sarah,,47,57,Male,Female,F22
Emma,James,Child,45,2,Male,Male,F7
John,Mary,Child,55,21,Male,Female,F52
Emma,Sophia,Parent,49,14,Female,Female,F80
Noah,Sarah,,20,63,Female,Male,F55
Mary,Noah,Sibling,69,61,Female,Male,F77
James,Mary,Sibling,47,30,Female,Male,F34
Liam,John,Sibling,52,68,Female,Female,F20
Alice,Noah,Parent,56,20,Male,Male,F12
Noah,Sophia,Child,54,5,Female,Female,F48
Noah,John,,40,51,Male,Female,F22
John,Mary,Sibling,39,35,Male,Male,F73
John,Bob,,25,25,Female,Female,F16
Liam,Mary,,69,28,Male,Female,F2
Alice,Liam,,30,36,Female,Male,F92
Noah,Sophia,Grandparent,56,19,Male,Female,F68
Emma,James,Grandparent,53,15,Female,Male,F56
Bob,Mary,Sibling,21,57,Male,Male,F99
Noah,Bob,,34,20,Female,Male,F59
Mary,John,Child,57,10,Male,Male,F87
Mary,Noah,Child,45,6,Female,Male,F64
Noah,Alice,,56,50,Female,Male,F16
Bob,Liam,Grandparent,53,27,Female,Female,F29
James,Emma,Grandparent,51,6,Female,Female,F92
John,Emma,Sibling,26,35,Male,Male,F27
Bob,Noah,Grandparent,55,17,Male,Female,F25
Liam,Bob,Parent,33,1,Male,Female,F35
Noah,John,Parent,35,13,Male,Female,F37
Liam,Bob,Grandparent,62,0,Male,Male,F96
Emma,Sarah,Grandparent,67,31,Male,Male,F64
Alice,Bob,Sibling,33,23,Male,Female,F49
Sophia,Noah,Parent,31,1,Male,Male,F17
Sophia,Liam,,53,30,Male,Female,F56
John,Noah,Parent,49,2,Female,Male,F27
Bob,Emma,Parent,48,19,Male,Female,F77
John,Sophia,Parent,48,18,Male,Male,F28
Noah,James,Sibling,33,62,Male,Male,F37
James,Bob,Sibling,45,28,Female,Female,F94
Sarah,Liam,Sibling,68,24,Female,Male,F87
John,Liam,,56,26,Female,Male,F25
Mary,Noah,Child,34,29,Male,Male,F54
James,Mary,Child,35,14,Female,Male,F24
Noah,Sarah,,61,53,Male,Male,F53
John,Noah,Sibling,62,26,Male,Female,F19
Alice,Sarah,Parent,47,4,Male,Male,F4
Sarah,Sophia,Child,36,21,Male,Female,F38
Sarah,Noah,Grandparent,52,40,Female,Male,F34
Emma,Sarah,Parent,54,4,Male,Male,F31
Sarah,Alice,Grandparent,63,35,Female,Male,F80
John,Mary,Parent,47,1,Male,Male,F58
James,Sophia,,29,47,Female,Male,F32
Alice,John,Sibling,43,70,Female,Male,F48
John,James,Child,51,3,Female,Female,F75
James,Noah,Grandparent,54,15,Male,Male,F88
Alice,Emma,Parent,59,10,Female,Female,F83
Emma,Bob,Sibling,30,70,Male,Male,F59
Mary,Emma,Parent,36,26,Male,Male,F11
Liam,James,Sibling,70,34,Female,Male,F2
Bob,John,Child,38,27,Male,Male,F61
Mary,Sarah,Sibling,61,52,Male,Female,F18
Emma,Noah,Sibling,21,27,Male,Male,F42
Sarah,Alice,,36,22,Male,Male,F89
Mary,Sophia,Grandparent,60,27,Male,Male,F51
Sophia,Noah,Parent,36,8,Female,Female,F88
John,Emma,Parent,51,23,Male,Female,F28
Bob,James,Grandparent,60,39,Male,Female,F92
James,Mary,Sibling,52,39,Male,Female,F50
Emma,James,Grandparent,67,8,Male,Male,F91
Bob,Emma,Grandparent,55,39,Female,Male,F55
Sophia,Sarah,Grandparent,59,18,Male,Female,F95
Bob,Emma,,58,61,Female,Male,F77
James,Liam,Grandparent,56,32,Female,Male,F33
Liam,Alice,Parent,51,20,Female,Male,F10
Sophia,James,Parent,51,9,Male,Female,F13
Bob,Alice,Parent,45,19,Male,Male,F72
Mary,Liam,Grandparent,56,24,Male,Male,F8
Liam,Emma,Child,52,0,Female,Female,F7
Mary,Emma,Child,46,14,Female,Male,F43
John,Noah,Child,34,25,Male,Female,F31
Liam,Noah,,58,40,Female,Male,F61
Liam,Sophia,,47,55,Female,Female,F46
Liam,Alice,Grandparent,57,40,Female,Male,F78
Sarah,Noah,Grandparent,58,28,Female,Female,F86
Mary,Sarah,Child,40,28,Female,Male,F77
Noah,Mary,Child,42,22,Female,Male,F91
Alice,Bob,Parent,40,17,Female,Male,F96
Liam,Emma,Parent,42,28,Female,Male,F6
Sophia,John,,44,50,Male,Female,F1
John,James,Sibling,68,44,Male,Male,F33
Emma,Noah,,58,34,Female,Male,F65
Liam,Bob,Sibling,47,51,Female,Female,F80
John,Emma,Sibling,62,63,Female,Male,F49
Emma,Alice,Grandparent,67,1,Female,Male,F39
Emma,Sophia,,62,21,Female,Male,F51
Mary,Emma,Child,31,8,Female,Male,F86
Emma,James,Child,40,24,Male,Male,F48
Emma,Sarah,Grandparent,65,1,Male,Female,F17
Noah,John,Sibling,34,61,Female,Female,F72
Mary,John,Parent,56,0,Male,Female,F6
Sophia,Alice,Child,51,3,Male,Male,F75
Sophia,Bob,Grandparent,61,10,Female,Male,F23
Sophia,Mary,Child,48,0,Male,Male,F34
Sarah,Sophia,Grandparent,56,4,Female,Female,F22
Sophia,Bob,Parent,39,27,Male,Female,F65
Sophia,Mary,,70,22,Male,Female,F64
James,Noah,Grandparent,52,32,Female,Male,F44
James,John,Grandparent,63,23,Male,Male,F60
Liam,Alice,Grandparent,66,17,Female,Male,F17
Sophia,Noah,Grandparent,68,17,Male,Male,F12
James,Bob,Parent,37,24,Male,Female,F41
Liam,Sophia,,62,44,Male,Male,F91
James,John,Grandparent,65,13,Female,Female,F68
James,Sarah,Sibling,37,58,Female,Female,F56
Sarah,Noah,Parent,32,7,Male,Female,F19
Emma,Liam,,68,35,Male,Male,F34
Liam,John,Parent,42,22,Female,Male,F15
Bob,Sarah,,43,50,Female,Male,F41
Noah,James,Grandparent,60,22,Male,Male,F6
Liam,Sarah,Sibling,36,34,Male,Male,F17
Mary,Bob,Sibling,27,67,Female,Female,F64
Noah,Alice,Child,45,8,Female,Male,F36
Sophia,Noah,,38,26,Male,Female,F96
Bob,Sarah,Child,39,0,Female,Male,F47
Noah,Alice,Sibling,22,23,Male,Female,F56
Noah,Sarah,Child,45,3,Male,Male,F37
John,Sophia,Sibling,50,50,Female,Male,F34
Liam,James,Child,60,27,Female,Male,F79
Liam,Mary,Parent,32,18,Male,Male,F98
John,Alice,Child,32,7,Female,Female,F34
Mary,Noah,Grandparent,69,14,Male,Female,F67
Noah,Emma,Grandparent,68,27,Female,Male,F41
Sarah,Sophia,,23,59,Male,Male,F56
Mary,Bob,Child,32,5,Female,Male,F22
Bob,Alice,,24,30,Male,Male,F41
John,Emma,Grandparent,65,18,Male,Female,F95
John,Bob,Sibling,65,38,Female,Female,F63
Liam,Mary,Child,48,21,Female,Male,F98
Bob,Emma,Parent,50,4,Female,Female,F20
Sarah,Alice,Parent,55,9,Female,Female,F72
Sophia,Sarah,Grandparent,59,25,Male,Female,F85
Sarah,Noah,,51,48,Male,Female,F82
Mary,Sophia,Parent,40,19,Male,Male,F57
Sarah,John,Parent,56,27,Female,Male,F7
Sophia,John,Sibling,56,22,Male,Male,F25
Alice,Liam,,61,48,Female,Male,F20
Sarah,Alice,,47,60,Male,Male,F7
Liam,Mary,Grandparent,60,20,Female,Male,F30
Mary,Alice,Sibling,46,64,Male,Female,F24
Liam,Sarah,Grandparent,51,29,Female,Male,F5
Mary,James,Sibling,40,27,Male,Male,F61
Emma,Noah,Parent,44,13,Male,Male,F34
John,Bob,,43,59,Male,Female,F21
Liam,John,Child,34,29,Female,Female,F91
Sarah,Liam,Grandparent,70,38,Female,Female,F60
Bob,Alice,Sibling,55,20,Male,Male,F56
Noah,Emma,Parent,44,30,Male,Female,F15
Mary,Alice,Grandparent,66,17,Female,Male,F64
Emma,Liam,Grandparent,67,9,Female,Male,F6
Emma,Bob,,52,67,Female,Female,F57
Alice,Mary,Sibling,69,70,Male,Male,F46
Emma,James,,37,20,Male,Male,F91
Sarah,Sophia,,62,51,Female,Male,F72
Alice,Liam,,50,42,Male,Female,F63
James,Noah,,44,49,Female,Male,F59
James,Bob,Child,37,27,Male,Female,F64
Emma,John,Sibling,67,50,Female,Male,F15
Emma,Alice,Grandparent,66,37,Female,Male,F93
James,Mary,Grandparent,64,0,Male,Female,F19
Alice,Emma,Child,55,8,Female,Female,F16
James,Sophia,Grandparent,60,34,Female,Male,F45
Emma,James,Grandparent,69,4,Male,Female,F12
Bob,Sarah,Child,43,3,Male,Male,F27
Mary,Liam,Child,58,0,Female,Male,F37
John,James,Parent,41,13,Male,Female,F24
Alice,Bob,,46,56,Female,Male,F22
Alice,Mary,,44,59,Female,Female,F96
Bob,Liam,,29,34,Male,Female,F66
Liam,Sarah,Grandparent,50,29,Male,Male,F35
Sarah,Noah,Child,60,11,Male,Female,F73
Sophia,Sarah,Grandparent,64,19,Male,Male,F85
Bob,Emma,Grandparent,62,36,Female,Female,F75
James,Sophia,Sibling,64,38,Female,Female,F28
John,Emma,Sibling,20,56,Female,Male,F75
John,Sophia,Grandparent,57,38,Male,Female,F1
James,Bob,Child,51,24,Male,Male,F68
Alice,Mary,Parent,31,18,Female,Male,F99
James,Alice,Parent,53,13,Female,Male,F74
Alice,Bob,Child,58,11,Female,Female,F24
Noah,Sarah,Child,60,25,Female,Male,F54
Sarah,James,Parent,34,24,Male,Male,F10
Bob,Emma,,43,25,Female,Female,F32
Emma,John,Sibling,54,27,Female,Female,F99
Liam,James,Sibling,57,44,Male,Female,F64
James,Mary,Child,49,28,Female,Male,F87
Noah,James,,34,61,Male,Female,F13
Mary,Liam,Sibling,61,46,Female,Male,F43
Mary,Alice,Parent,45,3,Female,Female,F4
Mary,Bob,,28,44,Male,Male,F37
Liam,James,,46,57,Female,Male,F88
Alice,Emma,Parent,43,30,Male,Male,F88
Sarah,John,Sibling,33,48,Male,Male,F16
Liam,Bob,Sibling,26,63,Male,Female,F51
James,Noah,Sibling,23,45,Female,Female,F48
Sarah,Bob,Parent,51,6,Male,Male,F76
Sophia,John,Parent,37,4,Male,Female,F14
Sophia,Bob,Parent,36,18,Male,Female,F42
Bob,James,Child,30,8,Male,Female,F20
Alice,Noah,Sibling,31,27,Male,Male,F4
John,Alice,Parent,48,10,Male,Female,F11
John,Alice,Sibling,23,28,Female,Male,F59
Emma,Noah,Parent,45,14,Male,Male,F91
James,Noah,,26,48,Female,Female,F85
Noah,Bob,,22,66,Male,Female,F62
Noah,Sarah,Grandparent,51,30,Female,Male,F59
Emma,Mary,Grandparent,52,5,Female,Male,F81
James,Sophia,Child,38,19,Female,Male,F35
Sophia,Noah,Sibling,44,58,Male,Female,F77
Noah,Sarah,Grandparent,63,6,Female,Male,F85
Mary,Noah,Child,58,7,Male,Male,F1
Emma,James,Grandparent,53,20,Male,Female,F43
Emma,James,Sibling,43,29,Male,Male,F6
Liam,Mary,Parent,43,3,Female,Female,F84
James,Alice,,23,57,Female,Female,F80
Noah,James,Parent,57,21,Male,Female,F58
Emma,John,Sibling,58,39,Male,Male,F42
James,Mary,,52,33,Female,Female,F94
Alice,Liam,Child,57,17,Male,Female,F94
James,Mary,Sibling,56,34,Female,Male,F73
Emma,Noah,,59,63,Male,Male,F17
Noah,John,,62,64,Male,Male,F28
Sarah,John,Child,54,9,Female,Female,F7
James,John,Child,51,12,Male,Male,F83
Mary,Alice,Parent,46,6,Female,Male,F37
Emma,Liam,Sibling,30,43,Male,Female,F42
Sarah,James,,58,25,Female,Female,F8
John,Alice,Child,31,21,Male,Male,F96
Mary,Sarah,Grandparent,65,38,Male,Male,F10
Liam,Emma,Sibling,33,68,Female,Male,F71
Noah,Mary,Sibling,47,27,Female,Female,F78
Sarah,Sophia,Grandparent,59,2,Female,Female,F49
Bob,Emma,,23,20,Male,Male,F12
Bob,Sarah,Child,54,8,Male,Female,F52
Sarah,James,Parent,53,13,Female,Male,F33
Alice,Emma,,65,34,Female,Female,F23
Noah,James,Parent,31,13,Male,Female,F31
John,Liam,Parent,43,18,Female,Male,F99
Emma,Sarah,Parent,60,10,Male,Female,F52
Alice,Sophia,Grandparent,52,27,Female,Male,F12
Mary,Bob,Grandparent,66,5,Female,Female,F3
Emma,Sarah,Sibling,34,41,Male,Female,F27
Alice,Mary,,60,27,Male,Male,F21
Noah,Bob,Sibling,42,66,Male,Male,F50
Alice,Bob,Parent,36,5,Female,Female,F100
Sophia,Alice,Parent,50,15,Male,Female,F52
Liam,Sophia,,48,63,Male,Male,F37
Sophia,James,Sibling,29,48,Male,Female,F83
Mary,Liam,Grandparent,58,37,Female,Female,F97
John,James,,24,39,Female,Female,F84
Liam,John,Parent,32,20,Female,Male,F20
Mary,Sophia,,52,44,Female,Male,F16
Liam,Sophia,,70,67,Male,Female,F39
John,Liam,,61,32,Male,Male,F63
James,Sophia,Grandparent,51,28,Female,Female,F56
Mary,James,Parent,35,1,Female,Male,F95
Bob,Liam,Grandparent,69,10,Female,Male,F40
James,Sarah,Grandparent,60,38,Female,Female,F88
John,James,Parent,47,21,Male,Female,F78
Emma,Sarah,Sibling,66,62,Female,Female,F17
Sophia,Alice,Sibling,25,57,Male,Male,F46
Alice,James,Sibling,61,64,Female,Female,F86
Emma,Alice,,65,25,Female,Female,F13
Sarah,Noah,Grandparent,60,8,Male,Male,F48
Noah,Mary,Grandparent,50,23,Female,Male,F66
Sarah,Alice,Child,45,6,Male,Male,F26
Bob,Alice,Child,57,25,Male,Male,F63
Mary,Noah,,67,53,Female,Female,F58
John,James,,28,58,Female,Male,F50
Emma,Alice,Child,54,19,Male,Male,F61
Alice,Liam,Parent,51,23,Male,Female,F35
Bob,Liam,,38,68,Female,Male,F73
Liam,Bob,,35,39,Male,Male,F77
Liam,Bob,Sibling,63,56,Female,Female,F55
Liam,Sarah,Grandparent,63,10,Male,Female,F12
Bob,Sophia,Child,50,15,Male,Female,F97
James,Noah,Parent,57,3,Female,Female,F55
Sarah,Mary,Child,58,16,Female,Female,F48
Alice,Emma,Parent,58,11,Female,Male,F79
John,Emma,Parent,41,7,Female,Male,F24
Emma,Mary,Sibling,34,21,Male,Female,F56
James,Mary,Sibling,70,29,Male,Female,F81
Alice,John,Sibling,50,64,Male,Female,F55
Alice,Liam,Grandparent,52,1,Male,Female,F12
Sarah,Bob,Child,49,16,Male,Male,F6
Emma,Mary,Sibling,35,39,Female,Female,F66
Mary,John,Child,55,19,Male,Female,F44
Liam,Mary,Parent,47,0,Female,Female,F60
Noah,Sophia,Child,39,13,Male,Female,F87
John,Sophia,Sibling,35,56,Male,Male,F29
Emma,Alice,Parent,32,30,Female,Male,F83
Noah,John,Grandparent,70,24,Male,Female,F88
James,Sarah,Parent,41,7,Male,Male,F92
Mary,Sophia,Sibling,28,22,Male,Male,F20
James,Noah,Sibling,61,31,Female,Female,F64
Liam,Alice,Child,54,30,Male,Male,F68
Liam,John,Sibling,32,22,Male,Female,F81
Bob,John,Sibling,39,52,Female,Male,F83
Emma,Noah,Grandparent,70,12,Female,Male,F68
Sarah,James,Parent,38,3,Female,Male,F11
James,Emma,Grandparent,62,21,Female,Female,F38
Alice,Liam,Grandparent,58,5,Female,Male,F60
Emma,Mary,Grandparent,67,18,Female,Male,F56
James,Mary,Parent,39,9,Male,Female,F11
Liam,Sophia,Grandparent,64,22,Male,Male,F62
Liam,John,Sibling,59,47,Male,Male,F39
Sarah,John,Parent,42,11,Male,Male,F20
Noah,Alice,Parent,51,25,Male,Female,F17
Liam,John,Child,54,20,Male,Female,F88
James,Emma,,22,58,Female,Male,F39
Alice,Liam,Sibling,43,48,Male,Female,F32
Mary,Sophia,Child,42,10,Male,Female,F67
Sarah,Bob,Parent,35,15,Male,Female,F55
Noah,Emma,,27,36,Male,Female,F38
Sarah,Liam,Child,52,29,Female,Male,F73
Liam,Bob,Parent,44,5,Male,Female,F7
Liam,Mary,Sibling,62,42,Female,Male,F71
Mary,Noah,,38,39,Male,Male,F10
Alice,James,,34,27,Female,Male,F6
Bob,Alice,Child,30,11,Female,Male,F66
Noah,Sophia,Sibling,49,55,Male,Female,F14
Alice,Sophia,Parent,42,22,Female,Female,F66
Liam,Noah,Grandparent,68,4,Female,Female,F55
Alice,James,Parent,51,16,Female,Female,F53
James,Alice,,60,57,Male,Female,F13
Alice,Emma,,23,27,Male,Female,F60
Noah,Alice,Sibling,30,30,Male,Female,F85
James,Bob,Sibling,53,38,Male,Female,F93
Mary,Sarah,Child,38,4,Male,Male,F73
Sarah,Sophia,,25,52,Female,Female,F33
Alice,Sophia,,29,30,Male,Male,F46
Sophia,James,,22,21,Female,Female,F33
Mary,John,,36,61,Female,Male,F75
Bob,Sophia,Grandparent,50,31,Male,Female,F11
Noah,Sarah,Sibling,50,35,Male,Female,F99
Emma,Sarah,Grandparent,51,10,Male,Female,F65
Liam,Emma,Grandparent,60,38,Male,Male,F3
Alice,James,Sibling,66,42,Male,Male,F15
Emma,Alice,Sibling,52,55,Female,Female,F95
Mary,James,Child,38,14,Female,Female,F85
Bob,Alice,Parent,60,12,Female,Female,F60
Sophia,Emma,Child,59,18,Female,Male,F23
James,Bob,Child,44,15,Male,Male,F24
Sarah,Liam,Parent,46,14,Female,Female,F51
Bob,Sophia,Sibling,23,23,Female,Male,F6
Sarah,Liam,,61,63,Male,Male,F11
Liam,Sarah,,20,26,Female,Male,F54
Emma,Alice,Sibling,66,43,Female,Male,F91
Emma,James,Parent,48,17,Female,Male,F39
Bob,James,,38,24,Male,Male,F41
Emma,Noah,Grandparent,58,39,Male,Male,F76
Sophia,Mary,Child,41,25,Female,Female,F93
James,Noah,Sibling,68,29,Female,Male,F59
Bob,Sophia,,45,52,Male,Female,F97
John,Alice,Sibling,50,53,Male,Female,F86
Liam,Alice,,52,28,Female,Female,F58
James,Sophia,Sibling,30,45,Male,Male,F80
Sophia,Sarah,,41,52,Female,Male,F34
Noah,Liam,,39,50,Male,Male,F44
John,James,Sibling,63,27,Male,Female,F24
Emma,Sophia,Sibling,70,66,Female,Female,F28
John,Sophia,Grandparent,68,36,Female,Male,F24
Bob,John,,50,30,Female,Female,F11
Noah,Sophia,Grandparent,57,2,Female,Female,F96
Sophia,Mary,Child,40,13,Female,Male,F78
Alice,Emma,Child,54,19,Female,Female,F34
Liam,John,Child,47,10,Male,Male,F87
Liam,Noah,Grandparent,64,34,Female,Male,F14
James,Noah,Sibling,63,69,Female,Female,F56
Sarah,Sophia,Grandparent,58,35,Male,Female,F69
Sarah,Bob,Sibling,69,38,Male,Male,F3
Bob,Liam,Sibling,50,42,Female,Female,F1
Noah,Sarah,Sibling,27,56,Female,Female,F51
Noah,Emma,Grandparent,54,18,Male,Male,F15
John,Sarah,Parent,50,8,Male,Male,F2
Liam,Bob,Child,59,17,Male,Female,F22
Sarah,Alice,Parent,48,7,Male,Female,F84
Bob,John,,34,60,Female,Female,F62
Bob,John,Parent,52,15,Female,Female,F59
Mary,Alice,Parent,43,20,Female,Male,F89
Liam,Bob,Sibling,40,38,Female,Female,F52
John,Mary,,34,54,Male,Female,F85
John,Alice,Grandparent,62,31,Male,Male,F96
Alice,Sarah,Parent,48,19,Female,Female,F78
Mary,James,Sibling,49,61,Male,Male,F93
Noah,Liam,Child,38,6,Female,Male,F63
Mary,James,Child,50,8,Male,Male,F39
Alice,John,Sibling,70,38,Female,Female,F80
Sophia,Bob,Child,58,12,Female,Male,F79
Emma,Noah,Sibling,25,45,Male,Female,F47
Mary,Alice,Child,59,7,Male,Male,F89
John,Sarah,Grandparent,58,21,Male,Female,F87
Sarah,Sophia,,20,36,Male,Female,F89
James,Bob,Parent,44,9,Female,Male,F87
Alice,Emma,,65,69,Female,Female,F51
Sarah,Mary,Sibling,43,59,Male,Male,F39
Bob,Alice,Grandparent,69,23,Female,Male,F12
Emma,Noah,Grandparent,56,15,Male,Male,F17
Sophia,Mary,,48,53,Female,Female,F18
James,Mary,,27,23,Female,Male,F2
Noah,Bob,,54,29,Male,Male,F25
Alice,James,,48,27,Male,Male,F15
Bob,Sophia,Grandparent,64,3,Female,Female,F3
Liam,Alice,,46,49,Male,Male,F90
Sophia,John,,49,63,Male,Female,F25
Sarah,John,Grandparent,56,37,Male,Male,F4
Mary,John,Grandparent,52,34,Male,Female,F27
John,Mary,Grandparent,63,11,Male,Female,F62
Alice,Emma,Sibling,44,48,Female,Male,F84
Emma,Mary,,28,61,Female,Female,F19
James,Mary,Child,46,4,Female,Female,F84
Bob,John,Parent,51,23,Female,Male,F31
Noah,Emma,,44,34,Female,Female,F56
Bob,Liam,Sibling,29,37,Male,Female,F81
Bob,Mary,Parent,49,24,Male,Female,F69
John,Bob,Child,49,1,Male,Female,F25
Liam,Sophia,Parent,31,12,Male,Male,F12
Liam,Bob,,33,68,Male,Female,F39
John,Alice,,38,34,Female,Female,F99
Sophia,James,,58,69,Male,Female,F60
James,Bob,Sibling,29,62,Female,Female,F19
Noah,Bob,Grandparent,51,35,Female,Female,F61
Sophia,Alice,Grandparent,51,22,Female,Male,F55
Emma,Noah,Sibling,64,46,Male,Male,F3
Emma,Alice,Sibling,44,31,Female,Female,F15
Noah,Liam,Child,57,22,Male,Female,F22
Alice,Liam,Parent,60,13,Male,Female,F20
Noah,Alice,Grandparent,56,21,Female,Female,F95
Mary,Liam,Sibling,25,54,Female,Male,F90
Bob,John,Sibling,44,63,Female,Female,F57
Sophia,John,Parent,48,23,Female,Female,F63
Noah,Bob,Grandparent,59,0,Male,Male,F61
Bob,Mary,Grandparent,69,13,Male,Male,F3
Emma,Bob,,40,69,Male,Male,F58
Sarah,Emma,Grandparent,61,19,Female,Male,F75
Sarah,James,,51,49,Male,Female,F32
Mary,Liam,Sibling,33,43,Male,Female,F26
James,Emma,Parent,53,4,Male,Female,F38
John,Sarah,,57,57,Male,Male,F73
Emma,Sarah,Child,37,12,Male,Female,F51
Sophia,Bob,Grandparent,60,16,Female,Male,F7
Liam,Alice,Sibling,30,28,Male,Male,F43
Noah,Liam,Child,60,1,Male,Female,F2
Noah,John,Parent,54,0,Male,Female,F14
Emma,Alice,Child,34,0,Female,Female,F81
Bob,Noah,Grandparent,69,40,Female,Male,F92
Sophia,Liam,Grandparent,67,35,Male,Female,F56
Emma,John,Parent,38,17,Male,Male,F54
Sarah,John,,64,63,Male,Male,F64
Emma,Alice,Parent,34,7,Female,Male,F95
Bob,Sophia,,36,42,Male,Female,F75
Sarah,Emma,Parent,44,18,Male,Female,F77
Bob,Sarah,Parent,54,1,Female,Female,F94
Mary,Emma,Grandparent,65,3,Male,Male,F71
John,Alice,Parent,50,25,Female,Female,F38
James,Sophia,Parent,37,6,Female,Female,F5
Sophia,Liam,Sibling,22,24,Male,Female,F63
Sarah,Noah,,62,22,Male,Female,F52
Alice,James,Parent,34,24,Female,Male,F63
Emma,Mary,Sibling,30,56,Female,Male,F66
Bob,Sophia,Grandparent,60,24,Female,Male,F76
Alice,Mary,,67,42,Female,Male,F93
John,Mary,Grandparent,60,38,Male,Female,F79
Sophia,Emma,Sibling,21,60,Female,Female,F87
Sarah,Liam,Grandparent,67,24,Male,Female,F63
Emma,Alice,,62,44,Female,Male,F30
Mary,Sophia,Sibling,35,65,Female,Female,F92
Mary,Sarah,Child,55,20,Male,Female,F8
Alice,Emma,Sibling,43,26,Male,Male,F68
Mary,John,Sibling,48,43,Female,Female,F3
Sarah,Mary,Child,43,14,Female,Male,F55
Noah,Emma,Parent,41,17,Female,Male,F74
Mary,Sophia,,70,40,Male,Male,F41
Emma,John,Sibling,46,44,Male,Female,F71
Mary,Noah,Child,35,21,Male,Female,F9
Emma,Alice,Child,38,15,Male,Male,F35
Alice,Mary,Child,43,9,Male,Female,F83
Liam,Mary,Sibling,36,35,Female,Female,F54
Liam,Sophia,,32,49,Female,Female,F61
Mary,Alice,Sibling,20,45,Female,Female,F15
James,Sophia,Grandparent,60,27,Female,Female,F64
Sophia,Alice,Sibling,40,58,Female,Male,F80
Bob,Liam,Sibling,31,45,Female,Female,F83
James,Sarah,Grandparent,57,20,Male,Male,F45
Emma,Sarah,Grandparent,68,12,Female,Female,F58
Sophia,Noah,Child,47,0,Female,Male,F90
Liam,Bob,Grandparent,52,26,Female,Male,F56
Liam,Alice,Sibling,35,36,Male,Male,F3
Alice,Emma,Grandparent,69,30,Male,Female,F21
Sophia,Emma,,52,64,Female,Female,F37
Emma,Noah,Parent,52,28,Male,Male,F93
Noah,Sophia,Parent,37,21,Male,Female,F25
James,Alice,,22,56,Male,Male,F61
Emma,James,Grandparent,53,16,Male,Male,F45
Bob,Noah,,55,57,Female,Female,F57
Sophia,Bob,Grandparent,64,37,Male,Female,F30
Noah,Alice,Sibling,21,50,Male,Female,F65
Mary,Sarah,Grandparent,54,22,Female,Female,F29
Sarah,James,Grandparent,66,30,Female,Male,F76
James,Liam,Parent,52,14,Male,Female,F88
James,Mary,Sibling,22,65,Female,Female,F44
Mary,John,Sibling,61,26,Female,Male,F78
Alice,Bob,,31,55,Male,Male,F92
Alice,James,,47,49,Male,Male,F85
Bob,Emma,Child,51,13,Male,Male,F60
Emma,John,,32,48,Female,Male,F17
Sophia,Emma,Grandparent,56,13,Female,Female,F38
Sarah,Mary,,26,54,Male,Female,F93
Alice,James,Sibling,32,49,Female,Female,F92
Mary,Sarah,Grandparent,60,38,Female,Female,F50
Emma,Sophia,Grandparent,61,22,Female,Female,F54
Liam,Sophia,Child,55,9,Male,Male,F87
Sophia,Mary,Child,37,9,Male,Female,F84
Mary,Alice,Sibling,64,29,Female,Male,F95
Noah,Emma,Grandparent,68,24,Female,Male,F47
Emma,Alice,Grandparent,70,11,Female,Male,F61
Noah,Alice,Grandparent,55,20,Male,Female,F21
Liam,Sophia,Parent,45,4,Male,Female,F80
Bob,Emma,,52,61,Male,Female,F27
Liam,Emma,Grandparent,64,31,Female,Female,F37
Alice,Mary,,21,70,Female,Female,F89
Bob,Sarah,Parent,47,9,Female,Male,F96
Alice,Liam,,67,69,Female,Male,F12
Liam,Noah,,27,56,Male,Male,F86
Mary,Sarah,,43,54,Male,Male,F62
John,Liam,,33,47,Female,Male,F17
Mary,Bob,Sibling,22,48,Male,Male,F23
Sarah,James,Parent,54,25,Female,Male,F26
Bob,Sophia,Sibling,65,59,Female,Female,F21
Emma,Alice,,28,70,Female,Female,F78
Bob,John,,42,54,Female,Male,F63
Sarah,Sophia,,30,40,Male,Male,F13
Sarah,Sophia,Sibling,52,63,Female,Male,F54
Mary,Alice,Grandparent,70,8,Female,Male,F64
Alice,Bob,Child,56,7,Male,Female,F39
Emma,Liam,Child,38,20,Male,Female,F31
Emma,Liam,Parent,32,12,Female,Female,F27
Noah,Sarah,Sibling,49,51,Female,Female,F72
James,Sophia,Parent,32,23,Male,Male,F7
Liam,James,Parent,42,6,Male,Female,F3
Emma,Bob,Grandparent,59,21,Female,Female,F46
Noah,Sophia,Child,55,10,Male,Male,F34
John,Mary,Grandparent,55,28,Female,Female,F46
Liam,John,Grandparent,54,19,Female,Male,F87
Alice,Sarah,Parent,38,2,Male,Male,F21
James,Alice,Parent,39,23,Female,Male,F23
Bob,Emma,Parent,30,6,Male,Male,F65
Liam,Mary,Child,46,21,Male,Male,F5
Liam,John,Parent,56,3,Female,Male,F9
Emma,Alice,Grandparent,62,5,Female,Female,F44
Mary,James,Sibling,39,28,Male,Male,F56
Emma,Alice,Child,48,0,Female,Male,F15
Sophia,Alice,Grandparent,56,40,Female,Male,F80
Alice,Emma,,63,48,Male,Male,F30
Bob,Mary,Parent,33,18,Female,Female,F16
Emma,James,Grandparent,54,15,Male,Male,F72
Sarah,Mary,Child,49,23,Female,Male,F29
Sophia,Sarah,Parent,36,16,Female,Male,F63
Sophia,Noah,Child,39,20,Female,Female,F34
John,Bob,Grandparent,57,31,Male,Female,F44
Sophia,Mary,,20,43,Female,Male,F46
James,Alice,Grandparent,61,34,Male,Male,F99
Alice,Liam,Parent,32,0,Male,Male,F6
Sarah,Bob,Parent,46,9,Female,Male,F99
Noah,Emma,Grandparent,52,40,Male,Male,F72
Noah,Sophia,Child,39,2,Male,Female,F35
Noah,Bob,Child,42,18,Male,Male,F20
Mary,Sarah,Grandparent,51,15,Female,Female,F89
Mary,Emma,Parent,49,1,Male,Male,F66
Sarah,Alice,Parent,34,22,Female,Male,F78
John,Alice,Grandparent,66,16,Male,Female,F86
Alice,James,Child,57,8,Male,Male,F14
Mary,John,Sibling,47,37,Female,Male,F91
Noah,Mary,Sibling,65,56,Female,Male,F7
Mary,Liam,Grandparent,51,31,Female,Male,F57
Sophia,Alice,Sibling,30,36,Female,Male,F59
Mary,Sophia,Parent,46,0,Male,Male,F97
John,Bob,Parent,42,29,Male,Female,F15
Alice,John,,65,67,Male,Male,F14
Emma,Bob,Sibling,35,46,Male,Male,F79
James,Sarah,Parent,33,16,Male,Male,F79
John,Alice,Child,60,12,Female,Female,F14
Mary,Liam,Sibling,69,39,Female,Female,F72
James,Mary,,49,20,Male,Female,F6
James,Bob,Sibling,56,70,Male,Male,F65
Sarah,Sophia,Child,48,15,Female,Male,F14
Bob,Noah,Child,59,13,Male,Male,F22
John,Bob,,42,60,Male,Male,F81
John,James,Parent,42,27,Female,Male,F16
Sarah,Mary,Child,43,15,Female,Male,F27
John,Alice,Sibling,25,22,Male,Male,F47
Bob,Noah,Grandparent,64,5,Male,Female,F21
Sophia,Mary,,28,60,Female,Male,F94
Emma,Mary,,56,23,Male,Male,F38
Emma,Alice,Child,57,10,Female,Male,F91
Emma,James,Sibling,48,37,Male,Male,F57
Bob,Mary,Child,54,18,Female,Female,F98
Mary,Alice,Parent,44,10,Male,Female,F65
Emma,Mary,,42,69,Male,Male,F64
Bob,Liam,Sibling,49,36,Female,Female,F94
Mary,Alice,Sibling,65,64,Female,Male,F13
Sophia,John,Child,32,22,Female,Male,F20
Bob,James,Grandparent,59,16,Female,Female,F83
Alice,John,Grandparent,67,15,Male,Female,F47
Mary,Liam,Parent,33,0,Female,Female,F43
John,Bob,Child,41,21,Male,Male,F18
Mary,Sophia,,36,24,Male,Male,F16
John,Mary,Child,55,4,Female,Female,F26
Mary,James,Parent,31,5,Male,Male,F57
Sophia,Emma,Grandparent,62,27,Male,Female,F54
Alice,James,Child,38,14,Male,Male,F99
Alice,John,,59,59,Male,Female,F99
Bob,Sarah,Grandparent,65,3,Female,Male,F1
Mary,Sarah,Grandparent,56,33,Female,Male,F32
Bob,Noah,Parent,41,15,Female,Female,F61
Noah,Liam,Sibling,56,52,Male,Female,F44
James,Emma,Sibling,31,21,Female,Female,F37
James,Sophia,Child,38,1,Male,Male,F65
Liam,Noah,Sibling,69,57,Male,Male,F22
Bob,Alice,Parent,37,8,Male,Female,F11
Noah,John,Child,41,29,Female,Female,F35
Alice,Bob,,40,67,Female,Male,F48
James,Sophia,Parent,41,30,Female,Female,F92
Sophia,Alice,,32,51,Male,Female,F97
Noah,Sarah,Child,32,1,Male,Female,F54
Bob,Sophia,Child,45,0,Male,Female,F47
James,Sophia,Child,52,5,Female,Female,F81
James,John,Parent,52,29,Male,Male,F86
Alice,Mary,,43,24,Male,Female,F32
James,Emma,,26,41,Female,Female,F20
Sarah,James,Child,60,13,Male,Female,F97
Liam,James,Child,52,28,Male,Male,F97
Sophia,James,Child,56,5,Female,Male,F68
Emma,Sarah,Sibling,28,31,Female,Female,F54
John,Sophia,Grandparent,51,11,Male,Female,F30
Sophia,James,,34,60,Female,Male,F18
Sophia,Mary,Grandparent,52,15,Female,Male,F55
James,Alice,Parent,50,23,Female,Female,F53
James,Liam,Parent,37,22,Female,Male,F53
Mary,James,Sibling,70,26,Male,Female,F59
John,Emma,Grandparent,55,26,Male,Female,F67
Liam,Emma,Sibling,54,44,Female,Male,F88
Mary,Liam,,61,68,Male,Male,F47
Bob,Alice,Grandparent,59,1,Male,Male,F4
James,Sarah,Parent,35,28,Female,Female,F57
Emma,Alice,Parent,40,19,Male,Female,F19
Sophia,Liam,Parent,35,19,Female,Male,F99
Emma,Alice,Parent,36,6,Female,Male,F2
Emma,Noah,,36,62,Female,Male,F92
Sarah,Bob,Parent,48,17,Female,Female,F67
Liam,Alice,Parent,43,2,Male,Male,F9
Sarah,Sophia,Grandparent,50,13,Male,Female,F11
Alice,Sarah,Parent,39,25,Male,Male,F44
Emma,Liam,Grandparent,52,34,Female,Female,F41
Emma,Alice,Sibling,44,43,Female,Male,F52
Alice,Liam,Parent,44,8,Female,Male,F99
Bob,Sarah,,23,29,Male,Female,F22
Mary,James,,46,68,Female,Female,F56
Sophia,Bob,,23,44,Female,Female,F8
Noah,Emma,,63,50,Female,Female,F51
Sophia,Bob,Grandparent,62,2,Female,Female,F98
Noah,Sophia,,56,63,Male,Female,F5
Sophia,Alice,Parent,35,30,Male,Female,F85
Alice,Bob,Child,43,2,Female,Female,F83
Emma,Bob,Child,40,29,Male,Female,F20
Mary,Emma,,45,55,Female,Female,F74
James,Sarah,,49,20,Female,Male,F8
Sophia,Noah,Grandparent,54,9,Female,Female,F81
Sophia,Mary,Parent,33,25,Male,Male,F92
Sarah,Noah,Sibling,46,36,Female,Male,F85
Emma,Liam,,58,50,Female,Female,F67
John,Alice,Sibling,45,29,Male,Female,F38
Sophia,Emma,Parent,52,7,Male,Female,F54
John,Liam,Sibling,43,21,Female,Male,F52
James,Sarah,Sibling,37,51,Male,Male,F88
Mary,Bob,Child,44,24,Female,Male,F90
James,Sarah,Grandparent,52,12,Male,Male,F71
Liam,Bob,Grandparent,66,23,Female,Male,F39
John,Noah,Child,52,16,Female,Male,F93
Emma,Alice,,56,21,Female,Female,F96
Alice,Bob,Child,31,14,Female,Male,F41
John,James,Child,56,14,Male,Male,F45
Noah,Emma,Parent,37,11,Male,Female,F2
Liam,Sophia,Grandparent,68,35,Male,Female,F36
James,Alice,Sibling,67,64,Female,Male,F68
Mary,Sarah,Parent,35,27,Female,Female,F79
Sophia,Bob,Child,51,6,Male,Male,F19
Sarah,Emma,,21,69,Female,Male,F90
John,Liam,Child,49,25,Male,Female,F52
John,Bob,Sibling,58,39,Female,Female,F58
Sarah,Emma,Grandparent,58,13,Female,Male,F83
Liam,Sarah,,59,45,Female,Female,F27
Sophia,Mary,Parent,60,26,Male,Female,F70
James,Noah,,58,38,Male,Female,F80
Sarah,Mary,Grandparent,58,40,Male,Female,F80
James,Sarah,Sibling,61,65,Female,Female,F84
Sarah,Bob,Child,37,28,Male,Male,F57
John,Sophia,Grandparent,54,1,Female,Male,F90
Liam,Sarah,Sibling,46,45,Female,Female,F45
Emma,John,,65,56,Male,Male,F84
Bob,James,Child,50,25,Female,Female,F52
Liam,James,,39,30,Male,Female,F100
Noah,Alice,Sibling,26,50,Female,Female,F26
Alice,Sarah,,68,31,Female,Female,F39
James,Mary,Child,53,27,Male,Female,F11
Sarah,Emma,Sibling,43,36,Male,Female,F5
Sophia,Sarah,Grandparent,51,40,Female,Male,F69
Sophia,Mary,Grandparent,53,24,Female,Male,F43
Noah,Sarah,Grandparent,54,12,Female,Male,F50
James,Emma,,49,29,Male,Female,F93
James,Alice,Parent,50,5,Male,Male,F93
James,John,Parent,36,24,Male,Female,F95
Alice,Sophia,Child,54,2,Male,Female,F17
Alice,Sophia,Grandparent,62,27,Male,Male,F67
Liam,Emma,Parent,36,23,Male,Female,F70
James,John,Sibling,68,53,Male,Female,F37
Bob,John,Parent,37,7,Female,Female,F28
James,Sarah,Child,46,18,Female,Male,F12
Sarah,Alice,Parent,60,9,Female,Female,F66
Liam,Noah,,53,41,Female,Female,F71
Emma,Alice,Sibling,51,42,Male,Female,F40
Bob,Alice,Grandparent,57,8,Male,Male,F67
Bob,John,,52,30,Female,Male,F44
Mary,James,Parent,38,24,Female,Female,F97
Noah,Sophia,Parent,51,3,Female,Female,F82
John,Mary,Grandparent,53,35,Female,Female,F21
Sarah,Liam,Child,51,20,Female,Female,F3
John,Sarah,Grandparent,66,17,Male,Female,F4
Sophia,Alice,Grandparent,69,7,Male,Female,F70
Sarah,Mary,Parent,49,6,Female,Female,F76
Sarah,Noah,Child,43,9,Male,Male,F34
Alice,John,,51,33,Female,Male,F31
Liam,James,Child,51,2,Male,Male,F100
Mary,Sophia,Grandparent,66,4,Female,Male,F39
Mary,Sarah,Child,38,14,Male,Female,F93
John,Mary,Child,41,25,Male,Female,F55
James,Emma,Parent,58,1,Female,Male,F65
John,Alice,Child,58,14,Male,Female,F15
Sophia,Sarah,Parent,35,3,Female,Female,F94
Emma,Liam,Sibling,44,64,Male,Male,F8
Liam,Emma,Child,52,23,Male,Female,F48
John,Alice,Parent,45,25,Female,Female,F34
Sophia,Liam,Child,54,11,Female,Female,F81
Sophia,John,Child,33,28,Female,Female,F65
Emma,Liam,Parent,50,10,Female,Female,F46
John,Noah,,66,56,Female,Male,F16
Bob,James,,53,64,Female,Male,F7
Sophia,Mary,Grandparent,57,30,Female,Male,F97
James,Emma,Child,31,0,Male,Male,F84
Alice,Noah,Grandparent,52,31,Male,Female,F16
James,Bob,Sibling,37,23,Female,Male,F58
Noah,Bob,,61,44,Male,Male,F39
Emma,Bob,Parent,55,18,Male,Female,F74
Liam,Mary,Grandparent,53,31,Female,Male,F95
John,Mary,Grandparent,67,35,Female,Female,F1
John,Mary,,59,60,Female,Male,F59
Sarah,Noah,,33,61,Male,Male,F44
Liam,James,Sibling,23,34,Female,Female,F31
Liam,James,,69,59,Male,Male,F96
Sophia,Liam,Sibling,65,48,Male,Female,F75
Mary,Bob,Parent,56,20,Male,Female,F73
Sarah,Noah,,43,64,Male,Female,F92
Mary,John,Child,56,22,Male,Female,F81
Emma,Mary,Sibling,59,32,Male,Male,F86
Bob,Mary,Grandparent,56,21,Female,Female,F69
Mary,Emma,Parent,48,3,Female,Male,F77
Liam,Sophia,,28,51,Male,Female,F30
John,Noah,Parent,56,18,Male,Female,F45
Liam,Noah,Child,35,23,Male,Female,F39
Alice,Mary,Grandparent,69,20,Female,Female,F37
Noah,Emma,Grandparent,57,17,Female,Male,F86
Emma,James,Sibling,48,28,Female,Female,F92
Alice,Emma,,64,67,Male,Male,F74
Noah,Sarah,,40,65,Female,Male,F87
Noah,Bob,Child,52,9,Female,Female,F18
James,Alice,Child,52,20,Female,Female,F92
James,Mary,Sibling,55,50,Female,Female,F49
Sophia,Emma,,38,47,Female,Male,F67
John,Noah,Parent,34,1,Male,Female,F95
John,Bob,Sibling,68,70,Male,Female,F32
Alice,Sarah,Sibling,29,23,Female,Female,F14
Sarah,Bob,,22,42,Male,Male,F42
Liam,Mary,,63,67,Female,Female,F67
Noah,Bob,,44,35,Male,Male,F75
Noah,Sarah,Parent,43,30,Female,Male,F25
James,Noah,Parent,38,6,Female,Female,F100
Sophia,Liam,Child,52,20,Female,Female,F47
James,Sophia,,67,58,Male,Male,F59
Bob,Sarah,Grandparent,52,11,Male,Female,F13
Alice,Noah,Parent,43,8,Female,Female,F19
Noah,Sarah,Child,57,8,Female,Male,F92
John,James,Grandparent,51,9,Male,Male,F55
James,Sophia,Parent,49,26,Female,Male,F53
Sarah,Liam,,55,42,Male,Female,F11
Mary,James,,34,31,Male,Female,F12
Noah,Mary,,30,46,Female,Male,F8
Noah,Emma,Parent,58,6,Female,Female,F55
James,Sarah,Child,46,15,Male,Female,F17
Noah,John,Parent,44,7,Male,Male,F61
Sophia,Bob,Parent,42,29,Male,Female,F28
Mary,Emma,Sibling,54,66,Female,Male,F58
Sarah,John,,69,43,Male,Female,F10
Noah,Liam,Grandparent,70,12,Female,Female,F48
James,Noah,Parent,60,24,Male,Female,F87
Noah,John,Parent,50,24,Female,Female,F68
Bob,Emma,Parent,56,22,Male,Male,F52
Emma,Mary,Child,52,10,Female,Female,F76
John,Mary,Parent,55,8,Female,Female,F72
Noah,Mary,,34,36,Female,Female,F67
Emma,Liam,Grandparent,50,24,Female,Female,F100
Mary,Noah,Parent,49,2,Female,Male,F51
Sophia,John,Parent,33,9,Female,Male,F34
Sarah,Sophia,Parent,59,14,Female,Male,F75
Emma,John,Grandparent,57,8,Female,Female,F64
Emma,Noah,Sibling,60,29,Male,Male,F82
Sarah,James,Parent,34,3,Male,Female,F55
John,Sophia,,45,54,Female,Female,F57
Noah,Mary,Sibling,33,67,Female,Female,F89
James,Bob,Grandparent,54,10,Male,Male,F63
Alice,Bob,,36,32,Female,Male,F94
Mary,Alice,,23,68,Male,Female,F54
Noah,Liam,,24,38,Male,Female,F21
Mary,Sarah,Parent,48,15,Female,Male,F19
James,Alice,Child,49,2,Male,Male,F65
Bob,James,Grandparent,69,19,Female,Male,F17
Sophia,Alice,,56,43,Female,Female,F63
James,Emma,Child,37,25,Male,Female,F92
Bob,Emma,Sibling,43,28,Male,Female,F59
James,Liam,Grandparent,59,31,Male,Female,F17
Noah,Mary,Child,32,26,Female,Male,F91
Sarah,Alice,,32,36,Female,Male,F66
Mary,John,,60,21,Male,Female,F68
Sophia,Emma,,33,22,Female,Female,F16
Noah,Sarah,,54,50,Female,Female,F89
Alice,James,Grandparent,68,18,Female,Male,F28
Alice,Liam,,52,25,Male,Female,F59
Emma,James,,20,62,Male,Male,F61
Bob,Sophia,Child,34,14,Male,Female,F5
Alice,Sophia,,62,29,Male,Male,F96
Liam,James,Parent,45,7,Female,Male,F21
Mary,Sarah,Sibling,34,22,Female,Male,F72
Bob,Noah,Sibling,44,50,Male,Male,F48
Liam,John,Parent,33,22,Female,Male,F16
Noah,Sarah,Sibling,57,54,Male,Male,F78
Sophia,Alice,Grandparent,61,37,Female,Female,F53
Mary,Noah,Sibling,44,34,Male,Female,F15
Noah,Emma,Sibling,42,51,Male,Female,F16
Liam,Sophia,Parent,44,5,Female,Female,F48
Bob,Mary,,61,37,Male,Female,F74
Bob,Alice,Child,49,22,Male,Male,F38
Mary,Bob,Grandparent,53,30,Male,Male,F6
Liam,Bob,,30,61,Female,Male,F67
Emma,John,Child,48,18,Female,Female,F20
Alice,Noah,Parent,31,5,Female,Male,F16
Sarah,Alice,,45,58,Male,Male,F48
Sophia,John,Sibling,25,33,Female,Female,F40
Liam,Sophia,Grandparent,57,26,Male,Female,F48
Sophia,Alice,,69,31,Male,Male,F39
Sophia,Noah,Sibling,30,66,Female,Male,F38
James,Liam,,57,24,Male,Female,F63
Bob,Emma,Grandparent,50,12,Female,Male,F4
Noah,Emma,Child,35,15,Male,Male,F19
Sophia,John,,52,68,Male,Male,F19
Mary,Liam,Child,56,0,Male,Female,F76
Emma,Noah,Grandparent,66,27,Female,Female,F54
Bob,Liam,Grandparent,68,6,Female,Male,F7
Emma,Alice,Sibling,50,69,Female,Female,F40
Bob,Mary,Sibling,58,54,Female,Female,F37
Emma,Sarah,Child,53,25,Female,Male,F28
John,Sophia,,27,53,Male,Female,F24
John,Emma,Child,43,11,Female,Male,F95
Mary,Alice,Grandparent,58,16,Female,Male,F63
Noah,Emma,,43,59,Female,Male,F1
Sarah,Emma,Child,55,17,Female,Male,F16
Liam,Alice,Sibling,55,55,Male,Female,F71
Liam,Sarah,Sibling,56,42,Female,Female,F45
Emma,Alice,Parent,44,25,Male,Male,F9
Alice,Mary,Child,55,10,Female,Male,F6
Noah,Sophia,Parent,60,20,Female,Male,F54
John,Mary,Child,43,2,Female,Female,F62
Mary,Sarah,Child,49,1,Female,Female,F74
Emma,Sophia,,38,65,Male,Female,F40
Sophia,John,Child,44,0,Male,Male,F73
Bob,Noah,Sibling,32,22,Female,Female,F58
Sophia,Noah,,64,34,Female,Male,F44
Sophia,Alice,Parent,50,0,Female,Male,F49
Alice,Mary,Sibling,69,45,Female,Male,F61
James,Emma,Grandparent,66,0,Female,Male,F93
Mary,Noah,Sibling,66,55,Female,Male,F78
Sophia,James,Sibling,37,34,Male,Female,F17
Sophia,Bob,Grandparent,50,16,Female,Female,F98
Alice,Emma,,26,55,Female,Female,F18
Mary,Noah,Sibling,41,27,Female,Female,F65
Noah,Sarah,,70,56,Male,Male,F82
Sarah,Liam,Grandparent,57,21,Male,Female,F59
Liam,Sophia,Parent,38,2,Female,Female,F98
Emma,Bob,Child,60,11,Male,Male,F58
Noah,John,Sibling,35,38,Female,Female,F86
Mary,Emma,Sibling,24,55,Male,Female,F58
Alice,Liam,Sibling,42,33,Male,Female,F20
Sophia,Sarah,Child,59,29,Male,Male,F94
Bob,Liam,Child,37,27,Male,Female,F42
Sarah,Bob,Child,56,19,Female,Male,F12
James,Alice,Parent,51,30,Male,Female,F80
Liam,Sophia,Parent,60,1,Male,Female,F86
Liam,James,,40,51,Female,Female,F80
Sophia,Sarah,Grandparent,66,17,Female,Female,F53
Emma,Bob,,28,23,Male,Male,F50
Noah,Emma,Grandparent,66,22,Female,Male,F30
Emma,Alice,Grandparent,66,29,Female,Male,F51
James,John,Parent,42,18,Male,Male,F44
Mary,James,Sibling,59,36,Male,Female,F70
Alice,Noah,Sibling,35,37,Male,Female,F6
Liam,Sophia,Sibling,43,31,Male,Female,F86
Liam,Emma,Child,54,11,Male,Female,F57
James,Emma,Sibling,48,31,Male,Male,F95
Sophia,Alice,,63,34,Male,Male,F36
Mary,Sarah,Child,57,12,Male,Female,F83
Bob,Alice,Child,35,13,Male,Female,F12
Liam,Alice,,54,66,Male,Male,F22
James,Liam,Sibling,36,55,Female,Female,F91
Sophia,John,Grandparent,55,3,Male,Female,F4
Bob,Sarah,Grandparent,64,21,Male,Female,F74
Sarah,James,Sibling,55,55,Male,Male,F81
Sarah,James,Parent,41,27,Female,Male,F99
Sophia,Bob,,56,61,Female,Female,F91
Noah,Alice,Sibling,42,40,Female,Male,F40
Noah,Liam,Grandparent,69,18,Male,Male,F72
Liam,Alice,Child,43,20,Female,Female,F83
Sophia,Emma,Parent,40,7,Female,Female,F16
James,Sarah,Sibling,58,61,Female,Female,F83
Emma,Sarah,Grandparent,68,33,Female,Male,F72
Liam,Emma,Child,34,23,Female,Female,F11
Bob,Sarah,Parent,42,3,Male,Male,F25
Mary,Liam,,23,21,Male,Female,F80
Emma,Noah,Parent,49,4,Female,Female,F70
Mary,Emma,Sibling,34,35,Male,Female,F74
Sarah,Liam,Child,56,5,Female,Female,F97
John,James,Sibling,50,49,Female,Female,F7
Noah,Sarah,,48,28,Female,Male,F73
Noah,Alice,,58,49,Male,Male,F67
Sophia,Emma,,60,60,Female,Female,F25
Noah,Sarah,Sibling,50,54,Female,Male,F97
Bob,Mary,Grandparent,63,16,Male,Female,F61
Alice,Sarah,Parent,56,24,Female,Female,F65
Alice,James,Sibling,50,54,Male,Female,F3
John,Liam,Grandparent,63,18,Female,Female,F16
Sophia,Bob,Parent,36,13,Male,Male,F85
Noah,Emma,Grandparent,70,24,Female,Male,F69
Emma,Bob,Sibling,25,47,Male,Male,F24
Bob,Noah,,64,63,Female,Female,F3
Sarah,Noah,Sibling,46,32,Male,Male,F36
Mary,Alice,Child,50,14,Male,Male,F27
Sophia,Liam,Sibling,64,59,Female,Female,F32
Liam,Bob,Sibling,21,29,Male,Male,F91
John,Noah,Parent,39,8,Male,Female,F75
Alice,Liam,Parent,34,0,Female,Female,F57
Liam,Bob,Sibling,46,39,Female,Male,F11
Liam,James,Grandparent,51,21,Male,Male,F69
Mary,Alice,Parent,42,2,Male,Male,F78
Noah,Liam,Child,56,12,Male,Male,F42
John,Mary,Child,44,7,Male,Male,F52
John,Bob,Grandparent,53,33,Female,Female,F76
Bob,Liam,Grandparent,60,10,Female,Female,F6
John,Noah,,27,36,Male,Female,F63
Liam,Sarah,Child,57,21,Female,Female,F3
Bob,Mary,Child,40,0,Male,Male,F44
Alice,Sarah,,27,45,Male,Female,F56
Bob,John,Parent,45,22,Male,Male,F24
Sophia,Alice,Sibling,69,25,Female,Female,F54
Bob,Alice,Grandparent,69,21,Female,Female,F4
John,James,Child,55,3,Male,Male,F68
Alice,Liam,Child,55,20,Female,Male,F41
